{"cameraMode":{"drawMode":0,"name":"Shaded","section":"Shading Mode"},"sceneLighting":true,"audioPlay":false,"sceneViewState":{"m_AlwaysRefresh":false,"showFog":true,"showSkybox":true,"showFlares":true,"showImageEffects":true,"showParticleSystems":true,"showVisualEffectGraphs":true,"m_FxEnabled":true},"in2DMode":false,"pivot":{"x":-11.157020568847657,"y":2.165526866912842,"z":-3.2991771697998049},"rotation":{"x":-0.39843279123306277,"y":0.00329861999489367,"z":-0.0014341205824166537,"w":-0.9171926379203796},"size":13.55385971069336,"orthographic":false}